rank	input_address	usd_volume	tx_count
1.0	bnb1rv89nkw2x5ksvhf6jtqwqpke4qhh7jmudpvqmj	10739497.749031676	13900
2.0	bnb146ffk2lc7lepfelca5x9an9n2ek4hjw838rl5e	1561614.9201110816	1428
3.0	bnb1j45kfzfywkqg95zqh0z8pddlqs2vze5jvhrjtc	549753.1748213131	75
4.0	bnb1r6xls8kq0hr2ngjf7pu8d42f7jh35kqelzeywc	522078.4467073598	382
5.0	bnb1k5ypfc7azkkt8v792ucgldlfrlh0att5733lxc	330584.43570559734	189
6.0	bnb1l3qz4kwumtthq8s7ze87rmvrn0cc42309wnyj5	260146.05573432884	71
7.0	bnb1yxx3grdj8jnxfy9yg98v56grumhmpvw0pml8ly	229741.173986594	348
8.0	bnb13m6t2ymp365jffgmpxemqvcxt9zhjq3r2mtyhn	220925.56933612487	1054
9.0	bnb1ajrn6uqwp90jtq0eepm3gdjastspt8na8c6agu	147769.43576726053	33
10.0	bnb109465jrt9t75hf5x0nzwh0mxcxszxqn80qjxw4	134518.03920643125	44
11.0	bnb1dyltg4dr4t35ptsdh70jeqee8842upkz4hrc20	117070.79920580321	15
12.0	bnb1ju6eehwue87tayz5u7pvuh33eke8l84dumf0mp	114711.76051577153	3
13.0	bnb1m4mykwuvgjv8fea4vregpwwj6t8eyc7ldw0wud	114169.8089178981	625
14.0	bnb13jpfyewrrfwncl0zmr3cv3vfralp6la4wwksyw	107187.55898575381	28
15.0	bnb19ylh0zh8lwj7ga3cznxzy7tw8p04s47568v0l5	104843.97403979868	898
16.0	bnb1nqckk6repqcx32a9suu3dgy2hcml0ws4j4tpan	103401.66534776721	275
17.0	bnb1patrmmvazgp5m09s4j7d3u9syzn6nelf4jc0k3	87669.55000772915	10
18.0	bnb1a08dxdmqz4v65u6ezcyssz4syyue5g0q95tm8m	79075.72416775966	7
19.0	bnb1fshn793p347m8nratycr37ht3f0ndr5m8k6adc	73663.2789369731	2
20.0	bnb1j987tqf9e5mxelnpav3srv4d7cv4vf2azv7z0k	68304.17279459191	8
21.0	bnb1azxegayhzpemvwh23wfl2vczt37vp2r9qltw44	64139.12248500883	15
22.0	bnb1xqzhn6vpgk90qvd8g8z9ul6aufe2ryvgt7pnk9	62534.818347607776	9
23.0	bnb1d6l9t2fuv5fz0rxa6n9rcwt7kg5afwj358skj6	61677.61864428287	12
24.0	bnb1dkpkyc9t0kuh2n5cmnalae3v63evyu9dmx4gkl	59063.65176381261	15
25.0	bnb1j4h7pcmns3uav6ye64u3c5dgfnclhuat5pz642	56041.41441455311	201
26.0	bnb1r22z3r30899juyz682d6q5qjcdg49nzywrs60e	55411.30556653235	13
27.0	bnb1vpeju6yh8lmewu06yezk5u8ha2usdhty6lzmkd	53709.35346338253	36
28.0	bnb1qmqj5yxz2y45fhmltk2ykrquzgjyy89xtduens	46823.978455293094	923
29.0	bnb1tjwspk64aj838ks2zx7njw7mvcu9ll5zafc65z	43239.03151737989	1
30.0	bnb1nf75ufznxcpu0wt5ll99fa9urxfa8rfyujxrdq	38916.098078695155	6
31.0	bnb19nc5gaaxfyxt7c798gzsa8pns5vgfz3fx2c6kx	38822.87026274954	193
32.0	bnb1hj0jrleesueq0xg2tv3fjm6lvt08v8c04k77rm	38144.492443674484	24
33.0	bnb1vegxjgw0fp2hewzpsqnwarj94vxg8633davgpl	37572.22917890546	11
34.0	bnb1ppulh3ucal4ers4stg9gfhmjtffltha9rzmmnh	36276.297300889106	6
35.0	bnb1ejkpz2k3wdxkmdvkc4aqn4f8qc8rh6cu4zc7zz	36075.875132100155	66
36.0	bnb1upuy4dfemc2gechyaplaqsa2qa7gp0g4wa0ae0	35577.0974290962	68
37.0	bnb13epa408c40l05sprwauza9sxxd5yykszmznn22	34984.60675601121	3
38.0	bnb1dpc2uta2j4wysdh64e00qlxnltnnny424x2dvz	32720.658848473133	14
39.0	bnb13vedtsftqjywaj074dneknyr6adpxttrand20e	32163.886044524894	6
40.0	bnb1d23lp8dzyznwvfx0ks0tjh7v74zrt32a8ax5j3	31852.671062503992	12
41.0	bnb1zzpfhlu2z3y0ne00wjtnzf0p7zll9xz3fnm9wd	29588.913296365594	7
42.0	bnb1859r478lkzxl3y33uht7dw75r5xmr53gh543vh	29553.524389310034	7
43.0	bnb1vhxgdg8k650awk8v9d3fayvuratx55fjra8hj9	29490.53056275158	1
44.0	bnb1g6440r5l2w9uv7675jd7xx4pxe0pu9umkvgkhs	29170.29290693796	3
45.0	bnb1n569app6rzgdlqwmu7vd2fvklzlndwu6mpe359	28827.161014852332	2
46.0	bnb1kq3x7h4tl6qrtgyvngzyynfl2825c5ejcjkzhg	28747.216522335682	1
47.0	bnb1pjexmh4fx5xdymlpfjtzvl23xnz00e6l2f79aa	27992.75531665176	58
48.0	bnb13wxfh9p0yyzz3k9r2vdr9pvhsx9yap3cz7t8hu	27547.48668013885	13
49.0	bnb1rugk96uaj3h5t6t7nc7xtqzx8qg8v9he90vqls	26615.447630688886	15
50.0	bnb139cr9zurcygf9u39rvx7a2a4gc2mv4ux64sgg6	25920.331969510953	70
51.0	bnb104ufq70za3s8p5apzt34f8rtd6ege2j76q0cgu	24521.159588312097	3
52.0	bnb1ys435y83gm2pu3hlj08w8mp8up44zj4y29uy8j	23787.846892772766	9
53.0	bnb1shk2qste8y4p0hdczqwh5ptxy3ugywvatf8s6j	21476.77159393578	4
54.0	bnb1ht30k7gc259mvlydysl7x0sjt44x7xpl6sqpk5	21388.68154476293	1
55.0	bnb172ke82gk956su6dmkwzwtuw2xfv2j6ct0qpqe7	21145.7581468556	3
56.0	bnb1euqh7ruz26sa3hpj80kfqwla56drp3ln8sc0mv	20022.776409527174	3
57.0	bnb15a7a0h3fj2x6ful4gh02ywj3w5t3uspzy628gr	20007.785207609086	14
58.0	bnb1pfx8p02res67nn4gjwyjjpakpnt8l7j6kr333k	19684.45697541024	288
59.0	bnb1kjhqxrsy0kpvwnzprrsxjhr3dl69v657z6xlsz	19556.396607735896	8
60.0	bnb1jzcdaw4nl6kp3vs2z6wrmpvkttdj96t7p5xznv	18413.743574208267	5
61.0	bnb14kqxfewy6wec9h4xst7hz0fdazl6u90vnn3ct3	18183.041267720273	20
62.0	bnb180hp2ms3a862j4u0wm5l5gl4z9t33fddhfwea6	17386.02600890151	5
63.0	bnb1x22qwpk4k0pr6sw79t6dn7mdxguc6dn8qj4e8c	17198.81508233902	90
64.0	bnb1zmerr9c6j6lxw7rdplguwdnakstvgdvph6dgjr	16798.16591949467	5
65.0	bnb1f0fmyr6z5r8yal370e250v5k33e97mml9grr74	16561.320102916092	13
66.0	bnb1vwq2as8p63jvgl64cxs73al04s7n6wp65nv9dl	16429.24920073014	2
67.0	bnb1fp7ru0nyka3hcxkj9mh8cyf49u63hgykcl7z9m	15874.56586526555	1
68.0	bnb1feaxx7l67s3nesvqezky92v9hme4gw236tg2wj	15836.645276275596	2
69.0	bnb1xv4jh43n50ujjxsmdrv9h6lzhjhjxwgrjqgtap	15636.231368422119	4
70.0	bnb1zzpkjq00cgy9wp72za2uq0vdr0prmgs0l5rfhc	15617.17735323229	50
71.0	bnb1ha7855up2crzleeuprurqeh3p28pgqvy5plvzc	15470.91314039327	1
72.0	bnb1hz8f8ejs6uy3fdyg99fk38pkmm3grxf2n643y4	14720.898059913052	6
73.0	bnb1446tz2kdvwg8mdwfzvgxm623t7gga76ful7heg	14683.288269478577	16
74.0	bnb1jrgf2fvkjfwzywrndrnykkc6p36mt3ytfzq95j	14474.658498603345	7
75.0	bnb1l48d0tg4dua7wwqf47cmuwemek00qwfvf26h5f	14242.219383560143	13
76.0	bnb1g5v5d26fpw7n3w7v5z2cg947kh82erqwmmzyzh	13339.511568724718	13
77.0	bnb1fkv9eeyk2gu6nxytjs0lv2lag2tetueq0mu5yl	13185.081464545305	1
78.0	bnb1pnrjfsmwqd34xlknp0wx8qd6qn5mvmaha2h86c	12618.83772188076	10
79.0	bnb1l3k02y4nvgsnvdg396lxr7cpqknqqrfhc8yjfq	12430.43049290229	2
80.0	bnb102l7dnmw7pjr5hzkws6qhe7fatkvlqmykhmsyh	12196.739608629363	2
81.0	bnb19xkyey9k9uzpqzvaq34lfms24tpnuaz9fg2eta	12148.957851418902	6
82.0	bnb1d97wehqr6a0xe9c8q55qvvavjv3cu798pvdmfp	12028.973483066926	8
83.0	bnb13qzpl88zrp06x86zvnmv459wqupk46ngtdve3f	11976.57625789346	9
84.0	bnb1wq6fpuksnhnl6r9e7v8r2zuszyf9wn6v3awlw4	11866.025745603209	4
85.0	bnb1jsq3jchduv922pj69rgsm39g5gfuh8m9jjwx2n	11527.424258818879	39
86.0	bnb1rwef62sv03258pxnhrdag5mrs3jhvcudkpq5g3	11204.41218199665	2
87.0	bnb120xgclkgfy9tprv3dy2wl7u9xzp6z5nw8jc2xm	10839.555324841582	134
88.0	bnb1f8zl50cggsyjtszm75lnskx2g563jvnnhjepmh	10789.23210409156	7
89.0	bnb1mxyy5k5gfmex5kr9tdh5tdxm96ynt2e9n4le9a	10766.046218496258	2
90.0	bnb1wy6k9uxe34tx3pxmwcpt80pvt2p4edme8045l2	10760.105527449086	17
91.0	bnb1j6xuq2k3hvh545gwa7kavvp9fhhlgux52tz9h5	10388.379649822167	28
92.0	bnb1cdvdqtfhekqaqtdaz0k8cnl0cu0fum8snjfvyx	10248.06723150906	6
93.0	bnb1d8nqcg600umrkkmv3ejg8h4awyywu7quzyhd9p	10061.722632647512	20
94.0	bnb1r6hpmhmjgmw240quzujanlt6k3nzqgt7ledf0p	10000.0	2
95.0	bnb1px9383sy08sj7d9nhkg6thcwv82qdgcdajt82u	9978.299421153477	16
96.0	bnb1ss73yy307n0tahl8ettzf006e53kz5zplqvrpw	9892.130549563632	18
97.0	bnb1rtukpet6gw77c5shyyeunmmatpev70pjavujz6	9855.92220937345	3
98.0	bnb18s9wcpe0d0tvxc7vp6yz4d2g7dkg7n382p5url	9697.791160125598	7
99.0	bnb10y28mm3zll66ydv47n8jse8znrg2wqhg6604k7	9451.06597576366	1
100.0	bnb18jvs3wcutry4up8af93de664l8au6tvmfcetjf	9407.771577911946	2
101.0	bnb1jl478r6j54690ukv45qa56ff0fa96ga8xxpz24	9279.207894706688	3
102.0	bnb10x6rd76wcs54pndpqyegpc7y37rl7r69xay3kz	9255.813552260694	10
103.0	bnb1gdqcs924qjks2rxyttxls2s9dnkkncu26a0se4	9228.159016061993	2
104.0	bnb19nh5z6h4cllcdg8rp3jm7pdnlweu60h5l9zsp3	8931.397671411343	5
105.0	bnb1egf860xcnsh5952n63a732s3wr3yss35rm62g5	8541.784695484219	48
106.0	bnb1swsqfu7jtf2p8er24fy32kh7g3dxzkg35syw54	8465.56434552764	5
107.0	bnb1vn7rrfhhcuannjdwf8fqwp6jqqhhg2gx0sz3jq	8428.573925584593	9
108.0	bnb1xllgmcavkzz3plqzvjenzp9z4806c9uak05363	8295.114677210871	1
109.0	bnb1z053krwc232ahuk9qp5ld49tnl7apham9th5t2	7951.395757106243	3
110.0	bnb1306unfqfxvtgsmtadtjn6lzq3hawkndg5s5fg5	7454.105651115773	1
111.0	bnb1q7jpkp88ruwy0r6s5klsszldj9jxw3n4jmftd7	7433.4603550948295	16
112.0	bnb1ffxlddwshdwyep5pwm8ewdm6cpxxatc8xwrvl3	7424.446007194327	35
113.0	bnb1mxg7hfck4ya7m9q9rew7q2ysn9uupwup0g4gvx	7386.066723418133	3
114.0	bnb1646yxaa8qk6w3u8gyprecg9kzfwc8ged67w5pm	7153.507413176341	7
115.0	bnb1eydfp5gwyru5543tj066khmewxh0cekwcwrm9q	6990.5496651343965	5
116.0	bnb165nxkyx755l9yp4rk3umv8x0zdwkn2a2e4lfnk	6890.86653363279	2
117.0	bnb1tkpcmg69hsgw7tn9297n2u34jp773cwa30e692	6833.870857341398	11
118.0	bnb1nwhdtnk0skvak90vp0l3kcjmqarf9em3cchgqu	6538.259356481018	2
119.0	bnb1uhm7phhcw3a4tn8k4jq50e7lh0z695am0gu2yw	6441.7037196303245	6
120.0	bnb1qfxa403p3cqecpq4pqpk4mp7ksg7npgqdve5sz	6366.977394954567	61
121.0	bnb168qmavm5n48jm5cxhxghw3cl8s7pmftc6tn8l6	6149.437870867941	4
122.0	bnb1x9k0lkkf5n2vqj30ktsrh6glhdg4nvkg0wcl8n	6073.286033356882	4
123.0	bnb1vudr77y9k2s0yzj8aaftcast968zsncq9k8sw3	5828.355109746069	2
124.0	bnb1r2kkc393ezm5sj46lrj7mpefpk3xsewsfpm3eg	5770.19713798968	1
125.0	bnb1vcg5mhn03q6sv4c5pl97wguxs0r303qj39t077	5766.561905864116	1
126.0	bnb1fhzy6z664f49hgqvw5695j8m2cjtt7t5c25kj0	5721.31765524143	1
127.0	bnb1p8txksgk2c8fw9dhwfxhml2vzeevmgr2nd0t59	5671.104981506839	17
128.0	bnb1c4mfa6rxt5q7h6pg7yf6sxktu58vr2yr7xv6lp	5663.763461549383	12
129.0	bnb1ggayvcanas6wda9wfgqd2c38w6qxn5nvgcc2dk	5546.71466746822	7
130.0	bnb10rczqhr27n2ltvpngpss8ndqc50hlnp74kdcjk	5488.071520443494	56
131.0	bnb1rf02c5h6m8e95yx6rs3wnmr395gj724y6r6zy6	5461.46107034792	3
132.0	bnb1rurwxcg5ywnfwtmqj7rmujxmq93cvczz9w2l8x	5190.524196016576	11
133.0	bnb1zckmcy705dpxauegqmnj77strq7qncdhjnvp7c	5124.892322902393	12
134.0	bnb179ayd67xr4vthnasxcvku7ezn6xdaw4gu7atqh	5029.683616445816	1
135.0	bnb1t7kptjtwehqyjqke4wv0tfcchf66gtnarv07av	4899.473535798162	8
136.0	bnb18x9tr8garka4zsrfjq640tlegw3r4a22y43etw	4851.876065304305	2
137.0	bnb1yzlm0ar7a5tu336dak8rwq8wa22gr75hraqgt9	4697.6657838	3
138.0	bnb1ka483sgw3tqfldugds9n9f5jqw848vmk8qn9vn	4679.884949992784	2
139.0	bnb1rt63zl9ugf4wgax3dv9jndnvzeqpjqrc6kxn6d	4670.119442596861	8
140.0	bnb19pkhvxxezyhh4te664lm84el8rh8ytvd8v0heh	4614.468249983889	1
141.0	bnb1tgn9ug8sm8kpqmfcul835rxrg835shp3sdcj47	4605.175462036885	5
142.0	bnb19yfsqj4u8h0sakjxs2q533kak4ywkv7kh0a2fm	4591.038097960093	2
143.0	bnb13phyyrxqlyuqd55r04jmsqurdkeemm55q9lw0u	4577.755557054341	6
144.0	bnb1l3ftnt3s23de9e8hcemvpyrrq3hufsu5t4p8vn	4496.552184757997	3
145.0	bnb144f8qgn7r26kn2gmyjz37nxscun9rkx572wrfd	4388.405070738895	9
146.0	bnb1xgvjhax0nrsg4vsfhpht6sv58pcmz0c70aqpax	4351.392680473253	4
147.0	bnb15clp8sfv0jrdlfp7wcnx0xy2ckwk4ftt00sh5c	4298.4595668266375	5
148.0	bnb14jdt3rxytmk2ul3mgslrpfzefazlw4esljdc6f	4219.767447434912	6
149.0	bnb1n9uyass9d86dedwxr4daal3vaeegnm0888nkjl	4107.053345777742	6
150.0	bnb1fzu4nnvg5vjthee5j2qsmj9kywxg6mvvg4t884	4098.841336574571	3
151.0	bnb1uhjnhktc839ypxlkfmffkh2x6urtlrus5tgm5l	4062.4870912166934	16
152.0	bnb167vcv5duqaparevkjazngppvn5hpq7jlg732hs	3946.599084971495	1
153.0	bnb1c4z6fyfvmmpjk2z0dqfmue2chtfme5mhgqgg75	3942.825406217367	1
154.0	bnb19w8ac9srzwa3mcne6eh2vkvevgg3fumj55wdyq	3922.96013104216	5
155.0	bnb1fewfw0vcqaa7rjudnam3pjc78wfehs5grkjru8	3882.3879272813756	1
156.0	bnb17hwpd3n97skq9prfcc8f3wstafezvcrmza2u6e	3881.503004654795	1
157.0	bnb1m9f9maps2kqjdjg3d4jjhj9tr7c80r25mjx9uj	3829.5573400455523	6
158.0	bnb1nur7yh7ek5azh3lyycvug8ffuqh32q0x77cc5h	3730.99604974583	4
159.0	bnb1k22g6dm77qv644xeqljetvh9m77lat8lk7fyf4	3642.760725375846	6
160.0	bnb1x294e760z2q887adtl98x5yuu36v9cf5ukzqr3	3620.737647444294	1
161.0	bnb1vfdxwtee8sx8xz8pu40d6lzf0w4uhu5afu9t8q	3561.5246831705244	2
162.0	bnb1zfh6jkwc6amc77xdpjkmf9hhsyq4uwf88nc65p	3559.872215784575	4
163.0	bnb1fd4dr6ue4utray8mpyxm333eeeq2u3q99ftg0t	3547.690182137853	1
164.0	bnb1qvva7ldenx8l2a7n4x8ewv2k87nt0qqkd0gdhq	3465.009508623412	37
165.0	bnb196archjv967cz9uf2kmaf6q3khq4xzxcdwa5wx	3318.969200483253	1
166.0	bnb1y6mch5x0yc3p86npmjlxgly6texk7hermqg0vw	3221.131189706859	2
167.0	bnb17q7x4ynm00tgy0rrucvdg6kyajza0qy068lc6f	3218.8596008698623	3
168.0	bnb1fr24vdtm23ufx25ukld2d7grtjfr5hk5anj95n	3174.068282773756	2
169.0	bnb150e45qj995tudlghkxe2yh6p9w2cd7dkcnx4tp	3069.529627867533	2
170.0	bnb17uyy50cg9kkqrv4j26ym2759e4ezs6fyk89zcq	2987.5752511604196	4
171.0	bnb1m4h45ts6h4wwhhwavseppxdweax7ddmz9nfzyc	2961.771320454463	1
172.0	bnb1ffmcz8smmspt7sp8rmkf0wrnd907fg5srhdzwu	2961.2150114255364	3
173.0	bnb1nt08gyeqpaq23wwt70652q7qxsc7ue6mgphdav	2917.5599337717467	1
174.0	bnb1j5h39w3p09c9t6t77ckp6dt29x7mgqmpy4qnhl	2916.659683111269	4
175.0	bnb1rpw69vck9txkql2hw8t80uxdapve0rlw6ywkhf	2866.032374785803	2
176.0	bnb1xaxjc4ttaxmfuyhgmh5kyu90t8fudggxq9hr05	2847.5245591829703	2
177.0	bnb18gcwzc6klmf3rrsgqax60eupqjmqcwsdxzed5n	2820.7089803653525	4
178.0	bnb1y23lz9an6540gw0xfcryjznrstg32ksl024d7r	2806.3594151899806	2
179.0	bnb1m9f3hmcpfrtjf3r0venhryq5arwa87l076wes0	2725.3528856094113	2
180.0	bnb1d42sgd7zpngexrlnyg03n8vt8mqe2095pv4j7z	2656.021514810798	1
181.0	bnb12ekm8lq8tr4wgrysfjjrd9raly57c6sxf4g8f8	2611.8379261214577	7
182.0	bnb1n63qnqqp7aq0e23cg59tsk337yhjl8wac6ve8n	2603.4195550698482	1
183.0	bnb1jp2ztjv732rc0vxm4awc5phawld02ld840pnaq	2581.01613535024	2
184.0	bnb1nx073cvdh4jwwp0k7q04mw6c6m4re86m2h2qh8	2537.9998798976508	3
185.0	bnb1yaq36satddxe5ypenmvhuenxw67kuhcyyxgy9u	2491.871835133941	2
186.0	bnb1fraj3qx86empepxvcv37m4k5tqs3hpxa509pwt	2439.268621553706	4
187.0	bnb1werumvd6hxnu0zgcntr52wh90amccvnxp9d3gp	2300.0	1
188.0	bnb1ttapk5pp7zd0p9ek2q20ctw2hpxsa6vxfm635h	2275.600801317709	1
189.0	bnb1qpw7lyxxlqvm3yjufvnuhrjwxzgaxhd8smnw78	2259.4685933421893	5
190.0	bnb1t360q7zpepd8ljpdtgvyav9e8a8ff2cw5mhwch	2218.881650170685	1
191.0	bnb13v8tp86rukpspmmts70y94evjwex04se3ajpa8	2203.335597077636	2
192.0	bnb1jfck260nln85qy9lacc5c7dfxppueaa2g976vh	2186.613908166852	1
193.0	bnb1tnrsm5dfwt6yt5ejqyz0hmhpnfsu7w3z22x59a	2172.7154770263546	2
194.0	bnb1mdu9r2d0h59a35777suuvy4z605ah59emd4zhz	2169.159783872811	5
195.0	bnb1j7ujprl0eu3aej3rsw4m8vyz28xgd5hfrgfc5p	2139.046198846541	7
196.0	bnb1kupdfh2qzfy2pdm6dj7dr4kjz4cknnxe8jhx05	2121.686348973346	8
197.0	bnb10u2v464pe2pmajmkgh6rgg4r825mp7qdd7fc9w	2093.774664093619	2
198.0	bnb174ksd655k7qzuhv84p7h0uzcr34f0yl8fwtyen	2077.9175971680356	3
199.0	bnb1ggnjfl5dplmcr8j44z4x6gfwnywykygs2tr2ps	2031.093418984327	6
200.0	bnb1lp83jqpjkx5wedwtyggd44ta0fx5w2fef0us4l	1998.4349854509185	1
201.0	bnb1xve3nd2rtw5tyd9xdm8r5xfyddngz6nv63d6ty	1992.0637792142272	1
202.0	bnb1kwjxnyy243h0gxtmnn6w8vlx636mr0ru6ajkf5	1973.0685430211367	1
203.0	bnb1v3wket664enqfya2fsk2gl6n07s4695p4vvmys	1964.2049283826252	2
204.0	bnb1qefxa29rvsh2wqe4mzn985e0eekp4gteu3vs2x	1926.6388105926821	2
205.0	bnb1ft0mvnap9q537dga53vuvju86vvdcy0gtcwy9e	1861.6529082009667	7
206.0	bnb157zacwqaplw5kdwpkrve6n2jdxu3ps9cj3xdcp	1859.502347523608	2
207.0	bnb1wrx0azvjvmy94f437kun0wt9l84dj7dvle3ktw	1854.5577806116537	2
208.0	bnb1tyy2wpgwyy9ep4ntu6tskjn2uv4t6sywyfmpsu	1844.411066360898	3
209.0	bnb186p8f0hpdpufmm9rpf5jvppcycx76vdsm7rukj	1832.0945855303607	1
210.0	bnb14gx273k72u9rh9ue4ecfpeu0yg3lglt5cp5z7d	1817.1887838371742	3
211.0	bnb1ln8gpa7txja4fv9wk57rdnvlp5hqcd9mjyu7vr	1808.3330195601854	1
212.0	bnb1ueqd4lrw6gge9petttv8tsk4gdknzzv6ckmzkh	1806.953350695178	1
213.0	bnb1mf86596m9zpv7ahkdmh7cualak3lvmuts36e9g	1785.4442946413556	6
214.0	bnb1cfkxxjz2aem88r6uf4k8vvs4ekr0wpzwehsge9	1779.6294602035077	2
215.0	bnb1kn2ksrwctsrcx5ej7u6tc42swuefcupl8ve8ap	1702.5902960611165	1
216.0	bnb1gst5hq362gjccjvwd6nfxew3zrzcvfz00pnj9j	1674.1794276847518	5
217.0	bnb1egkqcuk6glynr7qs7n75s0zf6rvn6323em48xv	1670.7930130721923	2
218.0	bnb1lfm83yv7yywhrdgf2khjy79g6h4q32mn2lds9y	1638.8073425321013	4
219.0	bnb127wmzf82jtv0cqzf3cpgg2y4vkxxvuw8w7f23v	1598.2579314588693	2
220.0	bnb1far2a9czpl7jzdwpt4ve4grgz9pxmlsrfp5egv	1579.0857577257707	3
221.0	bnb1gw5u9m4phtmq4q0nckydk5rd5dd8jhxqcsxd6d	1568.7413099098483	3
222.0	bnb1dqn4xst0kz3u5s4ydxuthjjcdc5v33fl6xkk33	1561.8513257731324	2
223.0	bnb1hrljv0yuazjtl79qag60n523yk4zqmf0cn74l3	1554.5809000170493	4
224.0	bnb1xw5r752xal25lk2xfdpj9h4z9jda6y8gtp79rs	1535.2157612156293	2
225.0	bnb1th49sgwvnh38ch90jhxj4zu0ql7hfq4hpmnk3f	1498.3540793896632	1
226.0	bnb1mmhmjqsenyy2xsa3eefqff73u8s3kakp6exfj7	1449.7424761740888	3
227.0	bnb14kjtdfvkvfh0whef4h3mkcrta7rtmyrugc8a2n	1444.2313898859113	12
228.0	bnb1avnu2rawqg2jmagwxvul662pgmjve49y7eh893	1414.97274735	3
229.0	bnb1wc7ldakccpjeeew9w79k4n7un8sq9stnvskyqm	1395.6066769204585	6
230.0	bnb1ylf0nff7h6keu0r76rfyulvxl0f384nnmajm6g	1356.7816360723368	3
231.0	bnb1gnanqmd9ultletj0karc34g6l6yvx7y30qkn2z	1354.482418767303	5
232.0	bnb1nh5w86v545pksekj6ytjzsywhudlu6htzcv8pe	1351.4636308264767	4
233.0	bnb1m2d8eq2gs49h56qcrzs53cjk6aya8xw9se37xu	1343.4725583203283	4
234.0	bnb1mkj0cfh0t28f90fhpvxruwtxuh3z30q3ms3xj9	1320.9552431863594	2
235.0	bnb1aj37ajkxfpwktmk82j88fwsjzwhvhhcpu0sc66	1301.9725893285324	2
236.0	bnb16t85ewdkcun573tdhthlyg920s2jxvrgg8n99f	1288.1000061452798	7
237.0	bnb1zkqnmksp6mp7wzpflt76clzwl6gjef5jfcsqgt	1272.82110402236	1
238.0	bnb1dqr0qjy7v0srhr9e0g7trcjsdsvu8p09jf5n33	1231.120423655637	2
239.0	bnb19dxth5fqfcxyykkftd4yydvdxxejp63ym8yymz	1203.1155108165083	4
240.0	bnb1gjv66d0f82w0dmupr79rnzlp44nfdfl9uj3jmw	1202.3954725113188	2
241.0	bnb1lqwu7k8f2r07alf9r0jn56dvu2f9m084hkd9wg	1201.4506531015836	1
242.0	bnb1nd4g23dllhy74qcsdqcrtlal24vk0pqkjz3hlf	1194.7450928127394	1
243.0	bnb17cxv8jyz7t74pn5n6x8he6zzc3fm62qsdf9jhy	1181.8526416884229	2
244.0	bnb15q2654gzgylqrqz2770dw22ce4ve8cekekztqr	1165.9466083322839	2
245.0	bnb1d4vkzqwutcfahzc3thuvqsh8kjdzguqhjrndpu	1163.7425697810186	6
246.0	bnb149ezz4kdlsm5sfhn68kzt60k5y9gca6895xl86	1148.9492093951967	2
247.0	bnb15thlcxvyq056m6zlc5799kwumzmxgg4njfqq3g	1134.1286073514896	8
248.0	bnb1d8gk9usjemvy6keggtzadmgpgl9n3kmk0dx325	1123.8060943118073	3
249.0	bnb1mcdl3arwyxt7umvmc0aq6s732ca87ed0eh47yv	1121.9894036465396	12
250.0	bnb19xkp7a8kjjqawe36pg80t3lm5dvpv9syghr3rw	1085.0564989083337	7
251.0	bnb19pm9vqfrvtkjpyj6z5hr6kyv6jhykqds0pgp89	1078.01734868747	2
252.0	bnb10hhfeyykqdj9h6le4sd2r4r3pcey5sjj9exj8z	1061.2974559545585	1
253.0	bnb1mwa58unqamd0mx4lfs9k9fem9n285tk4gp2wqk	1057.5333828320508	4
254.0	bnb1kjsfs8hpc6fwln9fn8enyzsw97s4n0z7fd4t4q	1052.0684722759743	2
255.0	bnb16p65pq7up0nkl3l7zae9hxct6yhpw46apjqufd	1030.120825396948	11
256.0	bnb1g4dye4x2wjdhhltxtwu90kglkfp898f6snhy9j	1026.4504178895263	1
257.0	bnb1wlztm0nvjtv5x0fuelrkjspe04jp68v52dnnfw	1011.6940109990205	2
258.0	bnb19l4lpdr7z2xuc9gllh4vqwt7qlw3ccccjvr783	1009.7904987740133	3
259.0	bnb1tk5mznhjskpnsm80s66cxxdn46xzlfpsu3yq9c	1009.3438612529526	2
260.0	bnb1xptyg49k7dnwfyp3sqx6zvlnj6k3qwzsy0lyc5	1000.0	9
261.0	bnb1az5c3t0y8e5dfknwpk9plsxhyzyg4ga7gswcsl	991.2606684316029	5
262.0	bnb1eqwee8pxpz9458982srp24k8qev9ga23duxr3p	986.3681643296443	3
263.0	bnb16nrrkcxqpf68autplv4z48ncvf4uwmzdg38esy	977.7428533505808	3
264.0	bnb108lh8xqvu8vamel6lx5v9l6wawmz5fdh7j0nyw	963.0502773845427	1
265.0	bnb153n8a5rt6zdcnduxeps5cdl4sfuk8rpzgl4p36	962.518840465633	3
266.0	bnb1cw6jqm9nz5qgmlnccg5q9vmeg8wucjqvp3vrzx	927.084830443799	2
267.0	bnb1yv2d5jap8dnrns5aghgdne3xjjpfk73r87a6na	924.4695116682448	1
268.0	bnb15kargly2atr90gswqsv2weqcr90l3jrugxqquj	920.8585373136779	4
269.0	bnb1375tzqwyjptccjlnylzkz3q6zslkr98y0cj48h	910.966336537677	1
270.0	bnb14ej8jfh0danx474yqny3ca9q50370cfcwdqgwv	908.2339394416255	7
271.0	bnb1rlhp5uhsysz9qf5gq78kxgvpkfcg0qv0ldu5r8	899.6289439185769	3
272.0	bnb1ggjgt8qt3uujuaqxwx092nnfjkhhha0v2j3un0	867.9058585192213	5
273.0	bnb1ee26vcmxqpnjj2zkpmaaa4jsdx8dev6m3hzgnr	845.525883015573	6
274.0	bnb1zc346s48m9n8en62z0pf42nt2lef30prc45x4p	815.1629992218006	2
275.0	bnb1eawm7s8avy52qgj9x06c4fj0kjsa580s97utrx	814.6945804617873	1
276.0	bnb1y70pzk7vh3pfkh89cg6ss8sp65z0f33vtjpf6x	800.5171185032262	2
277.0	bnb1pmryyrckz8zgdu3l26azkj7gqql2hqmw8e85l4	783.6422473160112	1
278.0	bnb1luz08ufcd76wz0kxlaljcrr380ldh0ssq5dcy4	767.7359726955226	1
279.0	bnb1sa58mj53qdyvwl6qsj6zfkeh2xnjhmc7dvsf20	741.9991559331966	2
280.0	bnb13j4xwtn0puedu20n9aphmns2ynflmk5g9jtmae	738.9771467631473	2
281.0	bnb1flrhvyf5j4urccp9fm4m7ucs9qkd0gw7kw4rqa	718.9451780739647	4
282.0	bnb1p3uf3a3gyggkqfhgyxexl9z3a89uhzda9twsw4	670.9209571068802	5
283.0	bnb1jrss386gcfwjv07dvk3n0e8w57jfjwl83n50q7	667.0971471599146	5
284.0	bnb180ehlydt7qtfghluvjqlv9gza5ug09cx35nxjh	660.9843476361316	3
285.0	bnb18rtwuwfsfa4mjlt0v448l5a8p4yp8w8dmy84c7	652.0728424376373	1
286.0	bnb1fy926jjutj733yfcsx5m6pg9f6djvxz3sc2krv	640.3628065878931	3
287.0	bnb1ft5sn5xj4gt9anckeyh30ansr9z6hzd3gnfxfs	639.0027885038737	2
288.0	bnb1skp2q4a05ed8ven2gn6f4fj30cl4ew9wy0ay3r	637.3041672681354	3
289.0	bnb13lyrgm9yw8qf8a6tvl2k8ph09z2pnyhtgvdsug	622.107859401449	2
290.0	bnb1fyjl3ue9vvnse03qtjm6umd8x90ps6zn85348t	621.256686978134	2
291.0	bnb16wrqf7x3mf6x984aes680ynvqcegxprczhdshe	607.230828809718	1
292.0	bnb1n0nqhy536za2j6szald86x4f2dn6g8fx5dlxcr	605.7445714671594	2
293.0	bnb1nv9726e2qglnunj9pp9apcggxk7awdscv69pfg	604.6097697028198	1
294.0	bnb16w3997rzcms5w7l5uh2mpkgdd46405sqjny2q9	592.0052830134647	1
295.0	bnb1fhcn40qxpm4jxf5xrpk6s72xcch0fynphvy9e8	579.1997405659464	1
296.0	bnb1k82347gvhugzg3jqnjfngm4a5zk3s6lrj6pcag	575.292704743283	1
297.0	bnb15rze0zeac64jee4s0ry2zxgz8efsrrackyu3j5	560.1463030419252	2
298.0	bnb1yx7uyfaxjzr7qrwk80w3fhc0xd47h5pygyfkqx	550.8313526894051	11
299.0	bnb1azlzyuu27tdxjg874qr494247z6jj97dv3y486	529.8008876371778	3
300.0	bnb1zuctl7ev5q0r6pmy5rvxfyscgjy52zkgu409t5	520.5411981054635	9
301.0	bnb1ukptry39dmxyh8zrc404uxdpsvepca5qqsk4ya	517.8000237563914	3
302.0	bnb1wm9wqx50499nlccsm9llx6a0tmjje04dxcxddf	467.08309253198996	2
303.0	bnb197wp6nqfr4326sffc4dlfxvncdmcy6e9cgwz5d	465.44566370266506	4
304.0	bnb1c8whfhqet3w4v6u3vw3xa8mlxstja82lght2v7	455.5405397233774	2
305.0	bnb1n9hpfn3tntys484jdahnaq5clcrzn43yduc6gp	443.9035107023491	1
306.0	bnb130nes3e07750temd45efuq9rcegfper43tkqfq	436.77011907939266	4
307.0	bnb18u8erwhu8js22hrul76w0zajtlhrd6cvxndqfu	434.1681291264722	1
308.0	bnb173gml5cj6a0x3fsm0uyp4vnp8gr92emtzq2a40	427.5381651415563	2
309.0	bnb1wfvs5wr58efkvsume0fhc8ut2xgxzqtau36nt9	403.50987157837267	2
310.0	bnb1ej7prws0q6jxdsvlwlje5fpmu306tpwmjg0uqu	396.16424615738595	3
311.0	bnb1n7mml56qs583rwd8mgm8947r4vfu9gd553pcz9	393.20990739723067	1
312.0	bnb160rhzc87t9pty9aclpftfp87v2rtgftpemw5f2	389.31815130295684	1
313.0	bnb1zmfqkz8fumatrhvr85d3lpv0mxry2ek2hvt90v	387.67883851754084	3
314.0	bnb1sn7tqazs6ukks52qe3yrnrcgf0qknmprej82nr	386.7593165462088	3
315.0	bnb1w4v6uj0sjd5mr337kzdrslp4pp2psmaq3udz8t	384.4020489953605	1
316.0	bnb1z8y6sursld5eq482kc07kk4j3najm27960gqmu	383.52103536423743	1
317.0	bnb1rw0rdpwg0u2vgu7phncprzrypn503c67xr5zx0	381.3759867795173	5
318.0	bnb177xy982fqxc6qk9zwfnhhqgd4n55vd5wfsgx7m	377.59067665944707	1
319.0	bnb1l7ztpurn7zuwllzuackkq2yphpus8ajq8nn8u2	368.40719004359545	1
320.0	bnb1s90uykywr9e4e8yw49l5l9qdj97yftjyshaf3u	348.69815068847055	1
321.0	bnb17smatgucyky0gmth30yde38732vry2ujuuejf0	346.8659947302167	2
322.0	bnb12cvgaaq6qnugspgxy0panf5p2r20g0pjntfvea	328.5107065755855	2
323.0	bnb183z58rs4xtms74xhkus3pz22cm6ehtl9e7ppp6	326.38734384996764	1
324.0	bnb1n5sax29prz6d5k8adpq6v8kr6pm6rl8rp5sg0j	325.0935310805309	1
325.0	bnb1p730wyy2trcdv4ptw77vgf606zjx0tmd6jl3ud	320.14367485474764	1
326.0	bnb1v0qu6hqz4tzgpsae568p92lens63vty02clpk0	317.29675699669536	1
327.0	bnb1kqcr2xaa933yjl4zf2veasnv8lklywshlla8jz	314.8789294987626	1
328.0	bnb1ew0l2yq69y7xt9zacyrqh6l0tx9wxc2x8qaph0	311.4663912615672	2
329.0	bnb152shmgrzwfqlla6gzcmz3nn8rsfv2davjrhwpp	307.43237840584203	1
330.0	bnb1al44gwe58lda6v8e3wrkqqp3yv0s33wd52whut	291.50299797101945	1
331.0	bnb1wpn3szpwpal58ukal8m8jtzf9j3efxdpz5fj7y	289.5908355389573	3
332.0	bnb1cmr48486xw3hda63gygx4wkvuvt5yzecastcwe	287.46667689789916	1
333.0	bnb1a28k55lgsj6j6s64e6x6ven82axtk9dum6y0ac	283.8733332022288	3
334.0	bnb12jywx7ttyndudxheahxda9rpkn9l4f946v5el8	279.85687174525646	1
335.0	bnb1l3dnygpm9ezdsnqxegjp67wx79jaeejxh8fy63	273.4686342818832	1
336.0	bnb1qgm9sehtwladea9xjvye0yvwz92qd5nzeu0hen	271.2036538577338	2
337.0	bnb1pj0u6wjs6203xyc653xxy73krkwf4tswf79fg8	265.60029257819247	1
338.0	bnb1s556p6apg0l34rzjytn6axfd3u8pzxd4hc8jk9	252.29304989529228	2
339.0	bnb1pkggw5erxqaqn78ynqs304w5360lcert2dnlxc	248.3027670117722	1
340.0	bnb1yftaem6nfrr43zfpg5u26zdf004d6wp3fea6gs	244.14524325278083	2
341.0	bnb1lxap0cy3mged0wlflaw4fvx9e2mp3rnwkhyaaf	243.4862186346504	1
342.0	bnb1ayphwzju9h8yfsdd48srag04nxsyy4uzxrtk76	242.99493263717784	1
343.0	bnb16aufxtqwwggg3cv3sl439ah6fs3kqwqvk2qs9y	233.49380110017145	3
344.0	bnb1cahpulkpdufuxxlfmxg69nuk8dmjlgagm58rkd	231.65993171912106	2
345.0	bnb14adaxzrea9us2tnrharcg38qtr6ucqrnzzwfms	226.70502544005137	2
346.0	bnb1pwca9t6l75spcgumk84qfuxfcy0szyrrs7tjs9	225.91631957521753	6
347.0	bnb1vl3kwkrajjte7gpguygcer3y6unq0w83py787m	221.8887025035712	1
348.0	bnb1t4qdgnxqt94e99grw2c7rycr3ujj4ynarexrlg	216.71192045329056	2
349.0	bnb1k58wg5fwjut2kjwtrqvtuwhnsthztgnqq2decv	214.52884198288052	1
350.0	bnb1fafhcdrnl8nf6asy5zdzvq4luww7ahy44vl8qw	205.89472792165765	1
351.0	bnb1x0fysej2vw3ghmly4huf693g4w8jgmzdsync05	202.61611392097316	3
352.0	bnb1kgswu025w5temdlkvxneezv4pz8rcpj4d03rtj	200.59795020716686	3
353.0	bnb1rsggsqurex7ggmp4dxf8xxj2deeqqz34z5qykc	197.27793550158538	1
354.0	bnb1069y7qcxmsvaxhygjeqhagpzn70rh9ruc6mva4	195.6457444118347	2
355.0	bnb1kykkf45dkk873p3694dsxz28mlzl3s3k2uga3h	193.13419410833552	1
356.0	bnb1yy3qmylul46a6xkg2rh6q8jga6vxz383w8a7ln	185.7118453268486	7
357.0	bnb1lrtkwvc47vjxgvyh82zw2xpuqm9j948p0t3nnn	183.29941479299802	1
358.0	bnb1p7cp6kv3am46eagg40lqls9lfpsk8tf3aqffj0	178.10710320176452	2
359.0	bnb1qycgsznfunus8lr7n2lf6hw90s7xfek42vehvh	174.6745486662411	2
360.0	bnb16nfdc0j2vsetncp053cc42mxry0apdrsvy9es8	170.57108383345	2
361.0	bnb1y57vhlkurasmcua7tx2eptwtsyht8m82q4rkx3	166.6217374111681	1
362.0	bnb1h2re75lvcxfx5y99gzqadeucr462n4r3kf0jgr	162.5753188457283	4
363.0	bnb1ed6rx4nrwffkgssdyppmrfg0dcnfemtzgtu44p	160.42793279960958	2
364.0	bnb1za0xm0dsut4sz899q39dz4q4y4pezmwv4z0qs9	158.39699195755992	2
365.0	bnb1vdwxvc5fx0sskvq4rk3mf65sg9v6yf2ssnyrml	155.15982619130392	5
366.0	bnb1yv8q4gtg6sdkvcdtzmamvgr538g78ey59c7h5n	153.13807575909544	6
367.0	bnb19y0wrtk5334mqwcrtzqwymkeafl5vdaxywuxea	150.6414839925888	1
368.0	bnb1r8560s8ecjl29pveugqwv3ad0z6g2pfpd5hn2z	149.4069748100149	1
369.0	bnb1fpxat6ymrcv7mv4wz4usqxku5cnsy8akzmkrvh	141.58063190578662	1
370.0	bnb1ma807q85ms9aa2upg4hmha4kjaaeahsl0gjnpa	140.520075536787	1
371.0	bnb1xpufxwclyjdpnpwuglklxmlq9m6nk9ecfcftw2	139.5351497514835	1
372.0	bnb1p8djhrwjtkysyq8c78qyecn6kjfjvxgprgkzsf	137.00587764199295	2
373.0	bnb12vl2vpy5xmv4ahs4k5fh0flle5vluyj8ufx8mw	136.46651139621565	1
374.0	bnb1rj2ec5zypprcxxtkf0dg8rlv60d4xqpvk9rx9t	136.43361625614142	2
375.0	bnb1wvrt4rs9zyu8hgdyzpxl6q05n5qlskq959am3g	133.90895028015092	1
376.0	bnb12s79s564suyxeg4g7sxssv06z8qf2hf59dh8qg	132.81721502147343	2
377.0	bnb1una732vqpjk84ydwajx2ff49qnagrng3czcp6g	132.60628465698875	2
378.0	bnb1h7npxspqgp8rfklvvgjusum5fzkz694wg0c5ck	131.86905666664975	2
379.0	bnb1kg5wpqz242mhhxxqx0xmw3xkjl2qn3smaw2j0x	129.6865291339079	1
380.0	bnb1f3sn6upa38s9uxseeh2jyqhrg5nze9v8cjjks0	127.38201006998341	1
381.0	bnb1lyk6fc2e7tl2rj0ve6zz4axdu3yrqcny506wu7	124.77449376386852	1
382.0	bnb1v87dy28978et8vsrssrpcfqdn2v59y60nvgkvx	124.10246251787393	4
383.0	bnb1fl6exzhs6vtum80y0lxkyxmasn25ppk4vgvlt6	124.03431186241717	1
384.0	bnb1h26y8uh7dzk74qe6y9al70975fyeql33muj0lh	123.15485083286396	2
385.0	bnb1jwr9zd4vqetf0ey2lfglqkmd4fgavge24cahc4	116.97564425273208	1
386.0	bnb1ha02frjh6v4hhycxr8393ejudzm756mc8xvyh3	116.69260334065537	1
387.0	bnb1jxv397dhskzhqz2adyxp6guwfy6dh27fmwputv	115.54297711242238	3
388.0	bnb1qveevplpu4ndyrs67x0hlder4tw5w6amcrlwus	111.18881506299263	1
389.0	bnb1vpup53dxsdk7eux89fawd7etvf2u0dmae52wwa	108.19442383837286	1
390.0	bnb1hh7lhuyxgjd02aa6ha3epw2zqz9ms00ngwksdm	106.24880889166091	1
391.0	bnb1x4vn6rn6rujsqd2wnmg6exq900jv20rqdfl7jt	100.99868908158831	2
392.0	bnb12daturygd50fqchva7qmqsgjk8agj8u4uae6n2	99.05454616238156	1
393.0	bnb1ld4lkkaqeep4sgs3rcuf0hwf4enyztry99k42z	95.76452943964236	1
394.0	bnb1grll086mecg64ycp365mw9ghnctra8ffkyq52e	88.75780307153539	1
395.0	bnb10edw7k890d8em80d6awz9vlhzszuerml5frq8m	80.04648634896363	2
396.0	bnb1clxucgcu0kj85e0fv08fu3l6s95et4hckhvtsl	75.41110281611083	1
397.0	bnb1ckxave5uhsset7dggwza08c6g65d7g436m6kns	67.03056393652011	1
398.0	bnb1pt4veknxdhtmxey7c399uzjdk00qmj7puy833y	66.80253025857671	1
399.0	bnb1zkkpuqxhkl376hpkja6en6gt9lrrxzw5k6p2rc	64.99679903460692	2
400.0	bnb10ccet2wmyltj0llkugty0qyjdzmxy3ug02vlvt	64.53489184397483	3
401.0	bnb1e8k5xzyjjtpycqqjgx9ytycese59xhxuxvp6dh	58.206366934423706	1
402.0	bnb1f2t5gr99srrv6gr0ldna8xufztdgfhxttgy7kg	57.6956751412564	1
403.0	bnb12ug4tmuc8fyeyrffl5wjryvpvw6thtvq3nadm5	56.19084300778175	1
404.0	bnb108q622kq02ltnw7k2cp9py4283ewctlf9jx3sc	55.68265431571149	1
405.0	bnb1upf40e3qtet5u8gxx8njy7v73hyq427g04t2ee	54.733865475540114	2
406.0	bnb1etj35n7jntfkcgs2e354ull3t3t0akczrxcwj0	54.42039355157985	2
407.0	bnb14f64zgh9vztuputd3cj85xh3ze26ykxr6hx7j6	50.03409181259864	1
408.0	bnb1v24dcuuuw4rhewqk2zq8j5z50m344jf5g9hh2h	48.5171078608527	1
409.0	bnb1z70njxnj607vdx028t9qs829qhdq7el366gwrj	48.402949232250606	1
410.0	bnb1w6kscpypedyyfzg7dtcgr96fesp3e0lull0vrc	45.73975169145295	3
411.0	bnb1c0ehe7tlyurqhvrd3zx8fnafekhxe9m0htzquk	41.43233474166132	1
412.0	bnb1dzpggw6dyxf8zsptwc8cs3ptv7t974j56ud2tc	40.708081017755056	1
413.0	bnb1d3pfpfar8dgw5s5ms3dcad9wyrdq9mj87fy5zk	40.3153923092251	1
414.0	bnb194qf7hknvakgfwn0866rrdk62m8m6c0cr3wj9m	39.006370029351615	1
415.0	bnb1dcj9xnvh62tem049redf34hxjx07pxg4dpv2ve	37.35640162500906	1
416.0	bnb17wgfpjhq0340sqcuc95kesulnsa7307jtucstp	34.2688202172268	1
417.0	bnb14ns6skrzutrrutkjkzqnrred4pd2qgg3ksknpp	32.97905815512222	1
418.0	bnb1ep5hg7440hrlf2nf0r90lttt88qk2mk7nafk4z	30.143511759927698	1
419.0	bnb1c92lmlhkc4kcz6y7wpjgsl9lmf60hfrpe58rhy	27.78472886141	1
420.0	bnb1xl0x8faat7atrl2q2nxxjp57tvjctcldgmx809	27.519874969764327	2
421.0	bnb1fmqrghvxwv428432mr7h0tpx32mpw92h8rwwvs	24.666136870185277	1
422.0	bnb1rwqsjyp3wkk40ylyt0030nw5whu3nekvzknj07	24.551335362387146	1
423.0	bnb1f46wfqlwhhdp0gqswfqxjznmg6mc0e3q5gu8d5	24.376769009099572	6
424.0	bnb1jw2aju9mdjs28em3r07y7pq7879j376udw3az9	24.08428346067056	1
425.0	bnb1ue8x3p4hlqcgpjv7rxne257vcpegw7e3qm90ku	22.18342186244378	1
426.0	bnb1ra8awp7hlmrwpmtqmagp89w0j2uv5625m5axmt	21.547368518116922	1
427.0	bnb1lwtwkpfpsm729y4earfhchaph399xrekmttqa5	19.40189374407728	1
428.0	bnb1wjdzaje0dwukds8qjehtkqtvp9gx9gkxucjdrc	19.209294358533352	2
429.0	bnb1e0nrn5ww6rrzqu8pv5e85p7s4m97hpa96e43a5	18.913711760323448	1
430.0	bnb1vagzlhswxr9mhm8vuj6ar2jk9qtp52edv94cu2	18.22281298493095	1
431.0	bnb1z3wpqx7phyqp0krkg4ulzw30x2zjt2hhvdtefc	17.887594195862576	1
432.0	bnb1s3qznffnwpy02v5x7hu93k39mza5r78a9ehy9x	17.095213091765128	1
433.0	bnb1nt7tlmlmmk5jau67pwjh6hsqugcx44t7zqr45t	12.211750166307226	1
434.0	bnb1cp6mygdy94vzc3z9jcs9kf7zryq3qlegmvlyz9	12.07506916354645	1
435.0	bnb1xyrcjy6kx2p4mx260744xt33a9y5sjvd2d3xp3	11.225427421904234	1
436.0	bnb1htal7wkzjwww97rez6wx95ax2lygwce0m5n8e2	10.744186308902911	1
437.0	bnb1yjz38y0ml6yza690qmhj2hlznmrudf27qmjgwx	9.690790283662059	3
438.0	bnb1htyan45kgfkz7nv5qswnlsr4rs3wwh0zadavlq	9.6350504795002	1
439.0	bnb1409ccfuhp9lwnen795h62ymkul7sqf5vqlcr8x	9.211366896084645	1
440.0	bnb1ux9ljvzrhk24f283um5z7k89z8jdstyehr7c9v	8.700416105710609	1
441.0	bnb1kwhutx2kgcz9wpnyx2lrwq7zz25ckwa0y4k3c0	8.425611234485274	2
442.0	bnb1uh595y6v35096yqvjkjfm9lfqjwy8aurzqzqzl	6.782800462331299	1
443.0	bnb1ttvst0qx72e7ttmt6ryl6lym6p9ml7428lesah	6.630478200603269	4
444.0	bnb1cftc39erq95kqfzlz85kzggcs0g2d3pkj8pm2q	6.45380894344808	1
445.0	bnb1lr52y02sra5t4sv82keqn2cz97ldzau8c66rsk	6.27598128471788	1
446.0	bnb1xq6tuu70kl5vx6xxykt5ceksq6ug85jvztq8yr	6.137507767741719	1
447.0	bnb16zj2fthk7yhydekuffxljykv3uugetl3u08tt0	5.73090810072297	1
448.0	bnb13r2pwy0w0t45xv6tetsxwa3rn35vg0jy05mj0v	5.34685612650816	1
449.0	bnb13ydnvcpqy4ffa44geq4jll7sey4tyv8adcdqh6	4.5271472196566505	1
450.0	bnb1u88lp72wdu27fc6tgt3gscrgm7mfukqfzsz0v4	4.258451900384008	1
451.0	bnb1rus3usp2kpfrd8d0fdex3cgpylauaa48lu2p7v	4.120983333272747	1
452.0	bnb1fyz2plvzsart85rechpey8emgqrwafjftcyfa4	3.855314214485397	1
453.0	bnb1q7v2gap63xje9s7ghvmxr953rfy5j67r863df9	3.7843452848789303	1
454.0	bnb10r3sqdd6mpdq9frwju7shj9nwtnd276gdfs3nj	3.2342763262979637	1
455.0	bnb12k09sqkvrt22z8rd4andya4q8gvsq60gh9hmnd	2.85795759	1
456.0	bnb154gnprn5ss0d9v486eljfanhh6pvn0xm45a8mu	2.8504902839379502	1
457.0	bnb18t6zeh26hrw769hvc84ly9jr4tuh8kr7xhhqjk	2.5463922297332804	1
458.0	bnb1nqmrdhp6f2vae4u3f30s04wd4gfv3u9mj86qrc	2.343079733645621	1
459.0	bnb1gzy00m8j4r8kucp09p2wrgamukgykdy2lycxdx	2.3307982324048457	1
460.0	bnb1lfe9scm3cwmzl7fvcuhcqnf756kqaqr6anh6wp	2.2367988002765413	1
461.0	bnb1q62catxmf7kgq5a5m27zqqauukn3n2my499hkp	1.5512786654582158	1
462.0	bnb1xqwauj2sz2v4sw7d64kg2r64e8xr8sdj92tw09	1.2549651872208478	1
463.0	bnb1z88yyqe723m2must6968qh7wg9py06vym858e5	1.131239346522688	1
464.0	bnb1w38r2q3lsw2xfr5ppmtt38030lrtu8vs0g0dxy	0.7301499280478975	1
465.0	bnb1nwe8qw85d2kk3sv367rk6enxscd4dw6v0avxa9	0.6141363538001355	1
466.0	bnb1ncajm93wtdlhl4tfsa69zj2f9rk67c3tx82kwq	0.535005315789925	1
467.0	bnb1q5t6rr2gnernce8lw6mmvl6fz2lpfhgva84svu	0.5288887996352151	1
468.0	bnb1c32zrl3xmt7qtrez3mvs6l5laaglq3xjmw9rkp	0.510003077445047	1
469.0	bnb14gfqzt2njzsmuult8cu7u7kznja38gk5jf9uqp	0.5098321443240195	1
470.0	bnb1cek5gd7s4snt6gkey96ps4dcxftxfy67nnzn50	0.503711284013562	1
471.0	bnb1w3yvk7n63t8ux74frx6vq674lhehv4p5whyw45	0.5037097260607464	1
472.0	bnb1wgaxgjr5lku3khps66w836nqzg3xs0dwfjeutj	0.5037075015339744	1
473.0	bnb1vy6jkwuv0a9jp95s9a92qjwf8eq2r0t0fzd72z	0.4919826341130702	1
474.0	bnb1huauzzh3nweuaa8yf9ezesu05yfzttdqn09plm	0.4911118127178998	1
475.0	bnb1wxgmgyq2jpn3c2w36pfxxqxmryrusmsd8y8nvf	0.4909451313612947	1
476.0	bnb1svuudjp5uaxu0z5hjfv7279cevjsp7kjsjyx0w	0.4856775832480745	1
477.0	bnb1e7le8pdmx8fvvlp9a3zhagx0rqs8yrjvcm33y3	0.4848162359012938	1
478.0	bnb1y5fe7qk7jd8guk669z8jx90v0d9szx6ptryrge	0.4846543816771919	1
479.0	bnb197ps2k2cznpd8cyh9cw9wwqpg2ucf349ucn0mu	0.4793694054273957	1
480.0	bnb1xzyz8lwtwe6yt58wvvyrqm7r4x7d5l8ll45m36	0.478522756596765	1
481.0	bnb14gs9wnwwhpph9k77vfkrgzzua5l3yneym9ehcv	0.4667584968636061	1
482.0	bnb1grq9u6sk2wmlx4hd25nlkgwuvj4kjtlt7vsgnd	0.4667536313595427	1
483.0	bnb1hx7jdleex6nk089mph876pp66w09k90l36qtg7	0.4659321519842819	1
484.0	bnb12086dl62mtty2watyxrv0aj238p4s4tnxquynd	0.4596317112889345	1
485.0	bnb1d6dap9vzveqjgq6skj40s3q5lk6es2rh4hg0fp	0.4594767955619714	1
486.0	bnb1pdymr3c7cyesx9yw8sek873g853a8fs944fcse	0.4541422960230613	1
487.0	bnb14xwrexgf925l3e5lfntdggee4ly3asx40tckfl	0.4478339237230927	1
488.0	bnb1pqekt9633kv8u8ll3ugqgtl42efnehv5nuejx8	0.4478332925941019	1
489.0	bnb1ncwmrjkxejenfe5qfg49k8dl7p7u98chcm24dd	0.4415221734957925	1
490.0	bnb1gneeektxdelrpqm6ezsy66dphd66xnstt9a6uz	0.434448904658206	1
491.0	bnb1fuepzfwewmst0dp74l90cemhj68n0ytc85qkff	0.4342992903797093	1
492.0	bnb1plmw8wfm8jqsam5d63z0wymfz30j22s4evl9yl	0.42800856155767497	1
493.0	bnb13menuwd6md4ndezajwkjfx77w32daskfehlvc8	0.4260482404343716	1
494.0	bnb1g4c98ta9hp5n0e3v077v6xrnwzaw94lcermsfc	0.42260712975215775	1
